"broker_id","state","broker_name","Submissions_2015","Submissions_2016","Submissions_2017","Submissions_2018","Submissions_2019","QuoteCount_2014","QuoteCount_2015","QuoteCount_2016","QuoteCount_2017","QuoteCount_2018","QuoteCount_2019","AvgQuote_2014","AvgQuote_2015","AvgQuote_2016","AvgQuote_2017","AvgQuote_2018","AvgQuote_2019","PolicyCount_2016","PolicyCount_2017","PolicyCount_2018","PolicyCount_2019","GWP_2016","GWP_2017","GWP_2018","GWP_2019","AvgTIV_2016","AvgTIV_2017","AvgTIV_2018","AvgTIV_2019"
254,"ME","Schmidt-Osborn ME",58,42,34,35,47,5,95,14,15,14,19,76105.592,40789.0292631579,25584.7535714286,62324.98,42683.3521428571,30426.0242105263,33,33,34,35,1375616.74,1119823.91,1241244.76,1216419.77,9365703.94606061,8170576.23969697,8672699.14764706,8353466.68542857
255,"RI","Johnson Group RI",NA,NA,516,437,456,NA,NA,47,824,397,186,NA,NA,27665.9689361702,30801.7977305825,31161.9438539043,24059.8219354839,NA,2,247,248,NA,79252.88,6909345.69,7256644.87,NA,9213040.935,7110636.53785425,7487174.6021371
256,"RI","Brock, Burgess and Cooper RI",NA,NA,NA,863,440,NA,NA,NA,7,806,197,NA,NA,NA,20743.5414285714,18556.7296774194,23943.7097461929,NA,NA,NA,65,NA,NA,NA,1018228.96,NA,NA,NA,4530194.69061538
257,"MI","Hamilton Inc MI",182,106,119,183,146,19,253,45,70,88,70,47278.0205263158,39019.4872727273,32975.8708888889,18208.7192857143,30156.8175,32114.409,72,70,67,63,2487201.37,2240141.48,1903449.06,1803096.34,8514060.75944445,7986031.80114286,7383757.86462687,7883099.55095238
258,"NJ","Blanchard-Henson NJ",791,47,NA,NA,NA,27,474,1,NA,NA,NA,32938.862962963,25803.1778270042,17395.42,NA,NA,NA,155,NA,NA,NA,3859989.16,NA,NA,NA,7196206.32922581,NA,NA,NA
259,"KS","Summers, Gonzalez and Evans KS",NA,NA,2015,456,378,NA,NA,23,2005,398,360,NA,NA,13713.8113043478,17422.4560399003,33198.8123115578,38228.6476666667,NA,2,203,213,NA,17301.97,3422965.98,4956959.27,NA,2174289.53,4801005.39009852,6115546.8514554
260,"NE","Trujillo-Greene NE",NA,NA,455,106,81,NA,NA,9,187,18,23,NA,NA,10336.4722222222,27418.0037967914,55077.3294444444,115393.87826087,NA,NA,70,69,NA,NA,1810298.72,1900222.73,NA,NA,6414712.62242857,6562678.91985507
261,"MS","Weeks-Leonard MS",NA,NA,291,255,235,NA,NA,7,269,162,198,NA,NA,26900.87,24587.596133829,23711.5287654321,29301.5150505051,NA,NA,96,96,NA,NA,2238857.06,2140587.66,NA,NA,7238441.29635417,7022092.85260417
262,"VA","Meyers Ltd VA",NA,332,579,235,301,NA,12,304,491,162,222,NA,20114.925,25602.0311184211,17409.9688594705,31333.4518518519,22987.8366216216,NA,87,87,81,NA,1966633.48,1836698.17,1908970.63,NA,7261823.48252874,6243590.62103448,6793832.77950617
263,"HI","Pacheco Group HI",NA,NA,568,791,660,NA,NA,43,1024,459,409,NA,NA,45676.9537209302,32178.5587304688,29795.8012418301,28458.6936430318,NA,1,345,344,NA,28476.36,10120618.53,10389069.97,NA,6317278.77,7512543.77689855,7608483.62104651
264,"ND","Ford, Oneal and Smith ND",NA,99,51,24,40,NA,5,56,41,16,24,NA,22047.664,17156.0257142857,22151.9875609756,42131.804375,19112.1608333333,NA,17,17,17,NA,306876.23,267093.15,500580.22,NA,5511530.46352941,5096017.60411765,7191513.68647059
265,"NY","Daugherty, Snyder and Reyes NY",322,207,113,155,141,7,304,145,89,96,89,22877.7914285714,32851.2322039474,35283.486,34034.0224719101,57942.7015625,56004.8870786517,80,80,82,83,2636254.11,2700331.34,2872243.48,2951986.26,7456867.397625,7645788.216875,8445000.76353659,8389810.16
266,"RI","Hunt-Brown RI",1778,1145,403,341,1303,23,1866,866,291,354,604,16365.0995652174,17217.5981618435,17887.118556582,31548.9593127148,35006.0406779661,26569.628410596,171,175,184,199,2749535.12,2894913.67,4654272.24,5693658.78,4532642.11695906,4584330.62068571,6352151.69293478,7042107.9781407
267,"SC","Campbell-Benson SC",NA,NA,NA,NA,624,NA,NA,NA,NA,7,563,NA,NA,NA,NA,19687.8342857143,27578.031669627,NA,NA,NA,NA,NA,NA,NA,NA,NA,NA,NA,NA
268,"AS","Lozano, Bryant and Carpenter AS",NA,NA,109,87,82,NA,NA,4,114,58,38,NA,NA,114425.24,39306.3259649123,29448.2968965517,25738.9847368421,NA,NA,39,37,NA,NA,1452376.27,1178019.12,NA,NA,8670330.60974359,7099341.04918919
269,"TX","Patterson-Jones TX",NA,NA,271,190,103,NA,NA,11,149,118,105,NA,NA,22273.1927272727,20086.3365771812,22829.3638983051,34534.4100952381,NA,NA,57,58,NA,NA,1087603.31,1312097.64,NA,NA,5536795.82280702,6168755.485
270,"IA","Hamilton, Wiggins and Mckenzie IA",400,99,123,87,54,11,243,49,84,79,54,50222.6418181818,35778.2048559671,36149.4508163265,42957.2371428571,28500.8163291139,21776.8851851852,46,45,43,39,1645091.13,1313005.5,1653257.95,1320109.08,8854541.97608696,7564570.77844444,9122641.50302326,8365690.91692308
271,"NC","King Inc NC",238,58,107,53,88,4,181,46,57,36,51,77865.9375,30818.1954696133,52191.1041304348,19427.2556140351,20773.3552777778,16272.5098039216,38,38,39,39,1362404.8,1677447.96,1439587.11,1294707.63,8138653.13473684,9941226.24157895,9029814.63948718,8163056.7174359
272,"VA","Morrison, Blackwell and Black VA",NA,NA,NA,278,111,NA,NA,NA,NA,122,63,NA,NA,NA,NA,31278.5855737705,24834.4877777778,NA,NA,NA,35,NA,NA,NA,1098752.88,NA,NA,NA,7472790.79542857
273,"AK","Peters-Jones AK",NA,1136,336,169,197,NA,11,987,254,98,127,NA,16774.1836363636,16242.8121985816,27347.6958267717,37397.2304081633,24517.2242519685,NA,80,81,82,NA,1327857.48,1643448.36,2113616.4,NA,4733187.033875,5674830.3162963,7037227.77756098
274,"MS","Moore-Roberts MS",306,149,131,135,160,18,455,50,44,63,79,47328.1227777778,54158.5252087912,60410.8228,67683.9240909091,36572.706031746,53057.2086075949,131,130,125,122,6241895.06,6384482.05,6003757.01,5692576.95,10467612.5547328,10688693.8204615,10748697.03888,10481761.969918
275,"ME","Hudson Ltd ME",113,319,98,90,228,6,178,322,113,124,101,33854.855,36247.1210674157,15858.6235093168,28348.7273451327,28748.3079032258,30065.4968316832,52,52,49,44,1776132.92,1045195.92,1206687.37,974647.96,8178131.15307692,5664446.84788461,6559980.48061224,6461066.70431818
276,"AR","Holland, Hubbard and Ellis AR",1998,1835,700,674,626,59,2381,1495,924,757,758,28654.2555932203,30722.3321209576,24410.1956454849,56140.3906168831,48949.3163936592,56959.4477044855,453,449,451,462,13223004.03,10622019.21,18815196.66,21032163.2,7432179.83576159,7151770.73278396,9408021.98518847,10118690.1803896
277,"MI","Thomas, Crawford and Montoya MI",NA,349,200,117,158,NA,4,180,122,130,104,NA,23230.4875,21984.3231666667,22739.8340983607,30743.4363076923,42606.9875,NA,63,61,56,NA,1392617.85,1203248.72,1443502.59,NA,6644100.93111111,5986722.18967213,6980035.24910714
278,"CO","Atkins, Chavez and Jones CO",NA,339,166,130,364,NA,7,324,102,120,160,NA,64975.0514285714,27115.2052469136,23991.4832352941,28785.6626666667,24164.99075,NA,94,92,98,NA,2242646.94,2086319.49,2493229.8,NA,6380194.69744681,6142599.76793478,6655248.97887755
279,"HI","Booker and Sons HI",135,134,137,468,629,5,240,83,169,448,252,20065.856,43301.2952916667,42307.8042168675,28060.2734911243,15232.7475892857,35137.9815873016,70,75,79,82,2868756.78,2759230.98,2276810.49,1661384.51,9174826.38871429,8443475.86653333,7336105.13468354,5476434.46548781
280,"GU","Farrell, Shaffer and Cardenas GU",352,88,79,148,160,6,294,77,83,114,147,12833.1216666667,21311.008877551,26188.0627272727,41381.836746988,34747.2409649123,34710.3685034014,58,59,64,79,1134399.18,1305791.69,1781608.56,2161206.72,5938359.88775862,5611148.31220339,6835997.2484375,6865883.87848101
281,"CA","Davies, Cole and Taylor CA",357,671,292,411,97,23,756,279,180,263,2,54880.7747826087,56005.6708333333,33044.0068458781,54429.2406666667,29942.3642585551,14652.845,207,203,200,195,11150174.69,10642096.09,10377867.08,9210943.07,10687966.5356522,10576520.2133005,10872774.36835,10348017.5305641
282,"MN","Nelson and Sons MN",566,129,192,132,164,8,299,64,145,92,70,22730.26375,29198.0377926421,29696.85046875,29268.7422068966,29026.1379347826,32635.1574285714,49,51,53,54,1494811.37,1345467.25,1224525.85,1141865.06,8011517.60408163,6648957.32568627,7211279.08075472,7115251.88185185
283,"NH","Jackson Group NH",367,631,419,274,146,6,243,582,221,221,203,14651.5766666667,29350.3491769547,17907.1834364261,32865.6174208145,64346.9795022624,59331.5841871921,80,82,85,92,2094900.17,1631139.16,2342080.49,4246995.31,8369269.02675,6449540.15439024,7136330.25670588,10450988.0496739
284,"WI","Ramirez and Sons WI",380,114,118,80,77,15,307,49,46,50,52,39579.926,29394.3937459283,40812.1004081633,24961.1923913043,85642.7962,56641.4301923077,62,65,62,63,1794373.09,1830196.24,1738413.67,2556198.62,7066073.86451613,7128813.83538462,7065602.68790323,8319350.55587302
285,"RI","Lawson, Murphy and Flores RI",194,81,183,348,102,6,206,43,81,245,57,65585.5183333333,38275.0788349515,33003.5813953488,23143.6838271605,16939.9811020408,50460.6964912281,39,39,39,40,1443751.77,1652076.27,1663282.76,1144316.02,8239115.75282051,8907503.84102564,9308324.58025641,6626598.846
286,"WY","Harvey Ltd WY",NA,NA,2632,560,336,NA,NA,24,2669,294,252,NA,NA,15313.8158333333,16967.3332896216,31944.1458163265,36249.6193253968,NA,1,268,267,NA,4552.78,4031340.7,5241846.45,NA,2477225.02,4273874.1438806,5254968.35191011
287,"NY","Miller Ltd NY",140,122,104,222,122,1,166,46,59,162,57,4870.48,33121.7760240964,24608.0926086957,43951.7708474576,17850.9569753086,25781.8189473684,52,51,50,51,1609062.01,1349235.19,1608624.29,1443940.68,7652988.47211538,6738495.6127451,7864387.4834,7229929.9745098
288,"IA","Davenport and Sons IA",92,35,105,39,84,2,93,14,83,23,62,10237.5,25455.6382795699,12715.4878571429,19453.6031325301,15440.7095652174,16320.9269354839,23,23,23,24,573885.38,538991.58,532380.32,492493.24,6967408.99173913,6143338.94478261,6248175.84956522,5429845.77833333
289,"RI","Castro and Sons RI",158,623,114,243,185,6,137,536,128,160,135,18335.1,32235.2168613139,15279.7591231343,45556.971640625,43839.2449375,38700.7331111111,49,49,51,56,1444756.38,1238093.55,2252368.69,1967848.42,9273545.0277551,7171122.62938775,9579162.46607843,8756388.48660714
290,"IA","Nelson-Rosario IA",2143,443,260,251,185,9,1871,235,138,150,126,11850.9733333333,15984.4352805986,23925.9888510638,39113.4052173913,34432.7891333333,45996.3935714286,136,137,144,152,2028578.79,2388728.91,3245898.06,3677326.77,4414233.80808824,5050117.6770073,5849997.34979167,6201471.95710526
291,"WV","Johnson Group WV",2654,520,234,281,230,21,2493,250,158,140,139,24773.8766666667,16828.3219855596,24096.64064,30760.9959493671,30676.4860714286,54169.521942446,198,197,189,186,3179796.44,3446127.63,3843586.65,4277507.01,4383746.64914141,4719960.90609137,5382902.47354497,5909996.00252688
292,"OH","Ramos, Salazar and Wagner OH",358,662,562,1366,405,6,489,368,290,1159,289,24933.365,31206.6724948875,21616.5928804348,23750.7637931034,16805.4323899914,25147.0879584775,157,159,159,161,4547725.03,3533384.94,3623124.34,3183679.11,7330256.28898089,6468097.31408805,6668592.08515723,5732379.97086957
293,"NY","Wheeler-Perry NY",NA,NA,NA,127,42,NA,NA,NA,NA,104,27,NA,NA,NA,NA,32664.8124038462,38102.3655555556,NA,NA,NA,34,NA,NA,NA,984387.59,NA,NA,NA,7467224.60147059
294,"IN","Vasquez Group IN",NA,NA,NA,NA,137,NA,NA,NA,NA,9,165,NA,NA,NA,NA,40154.7133333333,21938.4693939394,NA,NA,NA,NA,NA,NA,NA,NA,NA,NA,NA,NA
295,"VI","Sellers, Peterson and Murillo VI",NA,NA,NA,1789,648,NA,NA,NA,17,2063,518,NA,NA,NA,19047.3305882353,17170.7619001454,22152.4350965251,NA,NA,NA,154,NA,NA,NA,2497641.4,NA,NA,NA,4574745.1111039
296,"LA","Watson-Calhoun LA",275,162,213,108,103,8,220,94,187,63,85,18228.60875,24676.5256363636,29662.6607446809,14674.9464705882,24941.1604761905,40929.2714117647,67,66,68,68,1504195.2,1456498.91,1314146.9,1410398.87,6565243.04223881,6519328.03454545,6009230.56882353,5946120.65294118
297,"OH","Holmes-Jones OH",NA,NA,NA,1136,218,NA,NA,NA,13,1034,145,NA,NA,NA,17881.5107692308,17363.7274371373,40444.4633793103,NA,NA,NA,88,NA,NA,NA,1407664.1,NA,NA,NA,4531140.77977273
298,"NE","Parker PLC NE",259,142,160,93,74,13,271,93,92,98,72,21724.1076923077,27444.2037269373,19790.3661290323,31183.7519565217,45418.5596938775,30553.5027777778,64,63,64,65,1421546.99,1399870.82,1373633.13,2328859.06,6654331.02,7240726.62777778,7195209.35390625,8988944.21030769
299,"DC","Aguirre, Torres and Johnson DC",NA,NA,NA,572,228,NA,NA,NA,3,271,156,NA,NA,NA,50071.8966666667,24746.6835055351,22622.4413461538,NA,NA,NA,82,NA,NA,NA,1751235.41,NA,NA,NA,6975615.47609756
300,"VT","Wang, Williams and Johnson VT",325,213,788,385,287,25,550,176,768,213,236,24293.0824,30051.2288181818,23768.3363636364,16100.4189973958,24749.6346478873,29827.4918220339,166,169,174,181,4424777.12,4061630.65,3626989.44,4136608.06,6555193.93373494,6141085.02988166,5573821.07867816,6012188.9838674
301,"LA","Brown Inc LA",NA,NA,NA,NA,402,NA,NA,NA,NA,6,372,NA,NA,NA,NA,86881.5,28389.3233064516,NA,NA,NA,NA,NA,NA,NA,NA,NA,NA,NA,NA
302,"VI","Hardy, Jackson and Martinez VI",548,204,200,192,924,8,609,84,114,109,770,58542.57875,51431.2259441708,55837.8778571429,60663.0935087719,43431.2269724771,17218.7046883117,159,161,167,175,6793109.25,6886150.44,7223879.5,7718289.84,9665107.54584906,9514530.64515528,10082885.8126347,9672288.96171429
303,"NA","Mcintosh-Adams NA",852,610,860,640,578,28,970,600,598,575,324,28527.8360714286,30497.3697010309,28072.6442,24435.5467558528,25831.2119304348,20706.0100617284,303,301,303,291,8806179.55,9087944.07,8749787.98,7395303.79,7323477.87250825,7669350.85973422,7912686.25729373,7136173.01237113
304,"DE","Freeman-Fritz DE",746,142,121,104,110,4,737,96,89,85,77,8361.87,17929.2004613297,31386.604375,29931.5294382022,42322.4695294118,40920.277012987,58,61,65,70,931199.11,1484582.68,1387982.16,1953196.75,4504543.32758621,5875102.7,6093456.71969231,7081265.53542857
305,"UT","Martin, Bryant and Boyd UT",NA,NA,NA,295,203,NA,NA,NA,14,400,206,NA,NA,NA,23537.1942857143,33381.595875,28282.1301941748,NA,NA,NA,141,NA,NA,NA,4555950.17,NA,NA,NA,7938844.08148936
306,"AZ","Dunn-Medina AZ",NA,NA,347,172,180,NA,NA,9,460,126,109,NA,NA,72377.0977777778,29027.4440217391,28448.6036507937,26864.5509174312,NA,NA,121,121,NA,NA,3679426.75,3677193.78,NA,NA,7264811.61338843,7451082.24487603
307,"ID","Morris, Baldwin and Gomez ID",413,322,365,111,29,40,670,149,157,4,NA,46419.16575,60068.7207761194,32058.1281879195,34818.2886624204,8349.9825,NA,207,207,212,94,11460541.63,9249180.52,8655300.22,3687647.28,11315672.3368116,9788576.8247343,9458903.45410377,9358472.62287234
308,"CO","Williams-West CO",NA,NA,NA,NA,135,NA,NA,NA,NA,3,180,NA,NA,NA,NA,19747.7733333333,48497.3022777778,NA,NA,NA,NA,NA,NA,NA,NA,NA,NA,NA,NA
309,"ND","Bauer PLC ND",93,6,NA,NA,NA,4,71,NA,NA,NA,NA,58412.7275,39949.9554929577,NA,NA,NA,NA,16,NA,NA,NA,842003.45,NA,NA,NA,12236816.97375,NA,NA,NA
310,"MP","Price, Ray and Rivera MP",NA,232,74,64,127,NA,5,136,36,54,65,NA,31180.36,31452.5071323529,25998.0619444444,36788.3346296296,23082.1696923077,NA,51,48,53,NA,1381494.57,1261286.01,1473432.6,NA,7015218.06666667,6778316.50416667,7164848.89358491
311,"MT","Hardin-Shaw MT",312,96,134,82,61,6,158,48,56,60,27,31224.5083333333,29230.822721519,34426.748125,34602.415,28744.9813333333,31089.6822222222,54,54,54,52,1520240.57,1490615.63,1730767.89,1628735.23,7193862.72092593,7156376.66314815,8133687.58111111,8084749.55326923
312,"OK","Moody, Bentley and Cohen OK",NA,106,140,139,101,NA,6,134,65,54,48,NA,92531.0183333333,29280.4867164179,25803.5533846154,27932.6907407407,36249.3654166667,NA,48,47,44,NA,1511493.43,1363589.35,1344724.26,NA,7760167.4375,7208986.20319149,7177265.98363636
313,"AK","Brooks-Rivera AK",167,508,226,250,117,4,187,474,173,146,148,84146.665,29548.769144385,17993.5275105485,22114.8042196532,25511.9929452055,34522.875,66,67,70,73,2101252.65,1398863.6,1532077.26,1565820.42,7495377.16075758,5572380.95791045,7060299.90685714,7011665.04013699
314,"DC","Vasquez LLC DC",225,437,200,477,204,1,235,401,168,468,157,92960.83,27652.1297021277,15258.8264339152,28002.9717261905,16674.9196153846,37780.2503184713,74,75,78,78,1904584.34,1396964.67,1597999.14,1740357.64,8272221.57554054,5652920.488,6851838.62820513,6612230.12871795
315,"CT","Moreno, Cline and Moreno CT",NA,NA,NA,NA,587,NA,NA,NA,NA,16,779,NA,NA,NA,NA,25636.379375,31647.3385879332,NA,NA,NA,NA,NA,NA,NA,NA,NA,NA,NA,NA
316,"LA","Smith Inc LA",277,391,133,174,101,9,155,362,118,152,143,14225.0655555556,25359.3128387097,17481.2116574586,29180.5454237288,28976.9282236842,30539.8896503497,51,51,54,55,1312137.79,857992.83,1415316.23,1419012.95,8083836.49039216,5007886.16039216,7009606.59907407,7435919.87309091
317,"SC","White-Mccormick SC",2668,489,329,372,239,23,2511,181,200,207,146,21299.0026086957,16984.2073636002,24752.0538674033,25957.6501,30281.441884058,58877.7711643836,228,228,217,206,3386318.94,3811389.88,3813258.85,4328773.67,4289179.09885965,4644949.02850877,4929073.6878341,5616469.46951456
318,"GU","Adams-Clark GU",1039,317,286,166,191,7,616,155,122,93,89,17387.98,29131.5828409091,32932.488516129,26273.348442623,23252.6878494624,21506.9406741573,103,103,101,100,2181930.23,2306409.32,2276763.79,2180392.46,6343670.57834951,6540989.72320388,6986455.19465347,6407932.7908
319,"NV","Delgado-Marsh NV",696,699,460,484,501,32,839,360,351,393,495,36227.54875,30840.3618116806,24422.3545555556,43371.7998005698,62243.7728753181,27000.0313939394,298,301,328,354,8907283.67,8571693.79,10292720.76,15554035.72,7229959.96234899,7077815.44445183,7710003.18332317,9634214.47550847
320,"IA","Jimenez PLC IA",144,87,63,249,136,5,151,51,50,206,114,47316.314,27794.4392715232,27684.8992156863,23252.0266,16089.0486893204,23612.3879824561,47,47,44,41,1549073.22,1402382.3,1137944.27,922459.42,8897930.38148936,8260076.65340426,7361633.49840909,6342923.39804878
321,"AL","Carpenter Ltd AL",NA,NA,NA,NA,310,NA,NA,NA,NA,9,169,NA,NA,NA,NA,46119.2266666667,29169.3053254438,NA,NA,NA,NA,NA,NA,NA,NA,NA,NA,NA,NA
322,"MI","Maxwell and Sons MI",173,114,65,99,72,15,119,69,40,67,47,40459.2286666667,25985.8014285714,16951.4311594203,25691.28525,29574.5817910448,26705.2382978723,39,37,37,38,1041393.75,1027089.38,980065.82,811638.03,6561842.62948718,6784550.62486487,7637802.34297297,6547543.93263158
323,"ID","Garcia-Berg ID",NA,651,103,62,51,NA,3,255,33,20,23,NA,5020.80666666667,24333.8331372549,22249.1936363636,46700.648,98774.0769565217,NA,46,45,46,NA,848917.31,890994.3,995687.82,NA,6186195.7376087,6123442.39355556,6325329.53782609
324,"NE","Berry, Hutchinson and Edwards NE",990,378,260,459,947,14,1073,237,220,287,703,12912.6671428571,29406.4473532153,30178.3229957806,32932.8674090909,28473.0381881533,15865.6297012802,210,211,203,184,5606202.83,5991929.42,5739459.34,4944888.22,6674686.59242857,7140573.76720379,7186314.84768473,6890955.47478261
325,"MO","Zamora PLC MO",NA,NA,NA,NA,3490,NA,NA,NA,NA,17,3210,NA,NA,NA,NA,14314.6976470588,17168.8161121495,NA,NA,NA,NA,NA,NA,NA,NA,NA,NA,NA,NA
326,"WY","Romero, Hall and Stokes WY",445,731,413,476,522,7,342,581,227,225,425,20056.8885714286,22392.7260526316,18109.2113425129,24337.2147136564,28212.2377777778,15140.5647529412,83,81,81,83,1554899.31,1306899.93,1400469.61,1937857.97,6160835.0239759,5300129.17012346,5755159.63246914,7386800.03240964
327,"PR","Floyd, Gilmore and Marshall PR",NA,NA,NA,139,114,NA,NA,NA,5,105,46,NA,NA,NA,13273.38,38720.9766666667,37383.3647826087,NA,NA,NA,30,NA,NA,NA,887616.09,NA,NA,NA,7638830.09066667
328,"CT","Brown-Ramirez CT",303,30,NA,NA,NA,NA,282,15,NA,NA,NA,NA,29507.9852482269,37425.958,NA,NA,NA,54,NA,NA,NA,1110450.39,NA,NA,NA,5232735.40944444,NA,NA,NA
329,"LA","Barnes Inc LA",588,358,577,678,489,30,1129,142,240,356,209,46968.0983333333,29642.5523737821,23086.7120422535,33983.5640416667,31314.9040449438,29356.6809090909,304,307,308,325,8690380.71,8007766.8,8100156.19,8526147,7339482.80851974,7098480.22472313,7068993.01409091,7132797.78683077
330,"AZ","Jones-Doyle AZ",225,167,257,267,452,15,464,102,144,124,135,66529.254,56845.1433405172,61698.6674509804,32705.854375,34815.3414516129,28492.5568148148,141,144,153,168,6895166.35,7390390.01,7086588.72,7521791.78,10131015.0578723,10146444.5715278,9776347.33660131,9447898.30654762
331,"NV","Lopez-Walker NV",2807,408,644,483,585,13,2535,299,306,373,336,18072.9892307692,17341.9174595661,34101.3349498328,24459.1523202614,23866.147077748,24222.1433035714,158,169,181,199,2473329.17,4242603.24,3738963.84,4303398.34,4519376.50379747,6250134.64071006,6207432.2359116,6476665.41974874
332,"CA","Calhoun Group CA",125,87,70,75,175,6,183,84,66,82,99,75327.1166666667,40665.4555191257,40432.8901190476,48004.1872727273,42035.5952439024,28036.0364646465,62,62,62,64,2493265.31,2491216.95,2685870.04,2756422.63,9050160.55177419,9359910.48725806,9623751.78241936,9233025.54984375
333,"VA","Wong Ltd VA",NA,NA,186,106,17,NA,NA,2,173,63,1,NA,NA,45361.055,30752.3077456647,47916.7171428571,83710.79,NA,NA,41,41,NA,NA,1546367.41,1213809.49,NA,NA,8799638.39121951,7473006.17341463
334,"NM","Williams, Oconnor and Hayes NM",145,114,103,92,159,9,171,102,61,88,70,26843.9322222222,25471.1084795322,30447.4205882353,31295.6137704918,27553.0780681818,38918.6907142857,64,64,62,58,1399540.48,1345329.76,1362427.58,1342054.01,5613463.778125,5261140.14125,5806305.36774193,5964624.17275862
335,"OH","Cruz, Brooks and Smith OH",NA,NA,501,35,NA,NA,NA,3,274,2,NA,NA,NA,30193.4266666667,29294.4315328467,22964.74,NA,NA,NA,59,NA,NA,NA,1722473.97,NA,NA,NA,7454548.63118644,NA
336,"AZ","Bell, Roberts and Schroeder AZ",NA,NA,NA,233,129,NA,NA,NA,6,157,99,NA,NA,NA,105698.32,23433.9938216561,37938.9756565657,NA,NA,NA,55,NA,NA,NA,1557584.12,NA,NA,NA,7094374.96745455
337,"PR","Steele-Moore PR",NA,NA,274,135,209,NA,NA,10,296,104,111,NA,NA,42341.226,40601.4272297297,36235.6534615385,32340.05,NA,NA,89,87,NA,NA,2765443.8,2735129.55,NA,NA,8162052.88539326,8346491.63321839
338,"MO","Price, Smith and Soto MO",NA,NA,NA,NA,2123,NA,NA,NA,NA,17,1942,NA,NA,NA,NA,19902.1823529412,17844.4358753862,NA,NA,NA,NA,NA,NA,NA,NA,NA,NA,NA,NA
339,"MS","Reynolds, Simpson and Davenport MS",454,283,717,877,322,29,458,212,694,793,224,15485.8813793103,26708.328558952,23014.5090566038,17762.1168011527,16888.8018411097,28517.5259375,132,136,139,141,3277649.98,3171453.63,2570816.83,2218952.43,7413756.82454545,6912410.21463235,5649305.33798561,5153920.89297872
340,"MD","Anderson-Rivers MD",NA,NA,NA,2270,821,NA,NA,NA,15,1926,440,NA,NA,NA,30487.9,17073.4077725857,25489.2125227273,NA,NA,NA,169,NA,NA,NA,2541948.92,NA,NA,NA,4419558.87443787
341,"NV","Oneill-Rogers NV",NA,418,98,65,85,NA,4,276,21,32,31,NA,9368.8325,32960.3918478261,55597.1357142857,78226.439375,69279.9170967742,NA,60,61,62,NA,1655090.01,1854797.06,2111142.24,NA,7436996.87033333,7886306.17180328,8184036.27048387
342,"GA","Diaz, Robinson and Perez GA",117,7,NA,NA,NA,8,129,NA,NA,NA,NA,14776.6225,34520.2913953488,NA,NA,NA,NA,37,NA,NA,NA,1174031.94,NA,NA,NA,7906251.75810811,NA,NA,NA
343,"SD","Brandt and Sons SD",311,446,911,206,482,9,270,204,729,246,243,33904.5477777778,22444.4636666667,23993.7438235294,17462.3275171468,57860.9823577236,27216.9235390946,93,94,98,101,1989659.44,2102113.92,1779558.39,4428872.86,6347478.36376344,7424923.59276596,5680344.06459184,9685655.26079208
344,"LA","Steele, Hall and Johnson LA",206,95,61,112,102,8,210,60,54,112,66,44168.16,31991.1964761905,42613.5141666667,54254.5164814815,28622.7073214286,28054.6490909091,54,54,55,53,1639330.12,1714391.29,1858440.78,1408611.78,7456442.89740741,7636062.20407407,8574547.006,7221974.78169811
345,"KS","Jackson, Wells and Hardy KS",1943,522,303,273,896,24,1931,332,253,176,274,12052.12,17339.9551838426,28616.9725903614,27226.4258498024,32544.0952840909,29997.1744525547,190,189,180,163,3213165.3,3561661.7,3564995.91,3966022.58,4892659.89642105,5264185.08338624,5317293.91066667,6147344.19067485
346,"SC","Becker-Burns SC",3379,1656,725,568,310,19,2968,1243,525,305,308,11274.1342105263,17230.8082412399,18156.7401769912,25979.7775619048,24710.456852459,32161.7316883117,204,210,207,212,3307324.84,3502281.17,4431874.62,4433650.84,4550394.27495098,4760672.86152381,5511947.40381643,5556913.66245283
347,"CO","Petersen, Foley and Compton CO",1295,291,165,162,223,21,1280,141,117,119,165,17835.7471428571,17917.0624375,44929.9708510638,53856.2130769231,51989.4233613445,54642.6037575758,133,135,141,151,1985874.31,3138048.19,3357588.92,4566104.36,4202794.06345865,5681832.76911111,6107366.22297872,7032412.81708609
348,"WV","Meza-Ray WV",142,106,189,96,100,5,148,69,84,95,87,12759.14,25992.3897972973,28117.6491304348,29926.805,30409.3353684211,31163.4959770115,43,43,44,41,1062561,1124778.6,1075795.84,928379.34,6466675.50488372,7280051.37162791,7652653.72477273,5930397.19560976
349,"NH","Hurley-Parker NH",NA,NA,NA,NA,4721,NA,NA,NA,NA,23,4216,NA,NA,NA,NA,15629.4582608696,17147.3396228653,NA,NA,NA,NA,NA,NA,NA,NA,NA,NA,NA,NA
350,"WV","Daniels Inc WV",166,114,100,90,112,8,236,73,55,65,68,58240.89,41720.5297881356,26940.5446575342,23915.988,38616.348,45168.2769117647,70,69,69,73,2660732.46,2622503.92,2412867.19,2483655.96,8944532.22157143,8563199.23855072,8154908.96115942,7957572.02410959
351,"AS","Morris, Ritter and Anderson AS",NA,NA,NA,448,26,NA,NA,NA,8,365,10,NA,NA,NA,27169.405,28698.6196438356,23804.349,NA,NA,NA,80,NA,NA,NA,2196881.1,NA,NA,NA,7228132.4195
352,"WI","Ramirez, Perry and Howard WI",2556,649,606,876,1567,20,2838,405,408,611,1504,13471.3385,16644.7541860465,25670.8242962963,22191.0517647059,25203.3427495908,17290.9808909574,254,252,253,265,3872378.28,5460996.9,4993445.98,5319971.2,4307344.53011811,5756253.36353175,6011694.39822134,6623758.14822641
353,"IN","Caldwell-Campbell IN",NA,NA,NA,NA,197,NA,NA,NA,NA,11,182,NA,NA,NA,NA,18201.6281818182,25126.6062087912,NA,NA,NA,NA,NA,NA,NA,NA,NA,NA,NA,NA
354,"TN","Garcia LLC TN",947,666,680,433,327,15,995,573,537,200,219,18482.5873333333,16997.2206130653,17278.8564048866,16459.7912662942,25316.30675,26931.9107305936,87,87,89,89,1402719.62,1326550.52,1326466.21,1440822.07,4539671.34954023,4227461.74114943,4203179.50550562,5410725.03764045
355,"VT","Christensen Ltd VT",1174,691,217,293,693,8,1011,378,197,232,611,38968.28375,16485.4351829871,22790.0566666667,54485.0696954315,24955.85375,16677.3864157119,94,93,93,94,1241610.6,1717664.74,3445922.47,2366916.38,3852169.29574468,5888915.54967742,8209269.95473118,7626551.51191489
356,"NH","Aguilar-Hughes NH",584,122,96,102,119,9,264,51,57,39,40,12661.0422222222,23542.0003409091,39129.2480392157,39660.1642105263,63362.2192307692,30076.68175,84,84,87,89,1883379.02,1924536.04,2185024.44,2660460.68,6085845.70333333,6195392.24071429,6649877.88701149,7479357.49842697
357,"VA","Mata, Williams and Diaz VA",NA,NA,NA,NA,419,NA,NA,NA,NA,11,509,NA,NA,NA,NA,17201.6845454545,38297.7530058939,NA,NA,NA,NA,NA,NA,NA,NA,NA,NA,NA,NA
358,"PR","Baird Inc PR",138,62,31,46,30,1,98,26,15,23,14,15430,24593.1997959184,25550.3173076923,26933.9813333333,22827.7204347826,34786.5907142857,16,15,15,15,468791.39,553513.94,623249.41,528476.11,6975365.085625,8116049.362,8794686.43266667,7921829.832
359,"NJ","Gordon, James and Hudson NJ",NA,NA,NA,NA,205,NA,NA,NA,NA,19,360,NA,NA,NA,NA,45709.3857894737,32077.9647222222,NA,NA,NA,NA,NA,NA,NA,NA,NA,NA,NA,NA
360,"HI","Ryan, Cantu and Graham HI",NA,1620,596,1264,396,NA,10,1591,393,1047,254,NA,9425.676,17920.0323758642,24183.5165648855,15611.3868099331,22826.9050787402,NA,127,124,126,NA,1844986.51,2066829.58,1855279.82,NA,4404429.93559055,5381887.57524194,4806272.33214286
361,"NM","Wells, Beck and Brown NM",331,225,272,241,288,24,674,160,156,180,228,49229.4741666667,52301.3340207715,57791.4939375,51331.3882051282,67036.6711111111,58241.3447368421,188,194,201,207,9493054.45,9873789.93,9872429.58,10602967.41,10563476.3170745,10621836.1673196,10353290.3965174,10505730.7254106
362,"NE","Cruz-Brown NE",73,69,236,77,96,5,114,54,223,83,69,45474.928,39222.4894736842,21581.6016666667,16600.775470852,20364.1269879518,29125.6269565217,38,38,39,39,1709871.15,964823.76,690035.21,827781.36,9339998.71605263,7114435.65473684,5519243.37282051,6319514.78051282
363,"WV","Davis, Griffin and Garcia WV",NA,NA,NA,NA,303,NA,NA,NA,NA,2,155,NA,NA,NA,NA,12305.88,28699.6320645161,NA,NA,NA,NA,NA,NA,NA,NA,NA,NA,NA,NA
364,"VA","Moran Group VA",138,156,214,98,101,7,124,78,99,126,89,29830.9328571429,17804.4588709677,25963.596025641,25695.983030303,27407.0822222222,27517.9917977528,44,44,44,43,878572.27,1076632.42,1272109.66,1094929.51,5039662.21159091,6726757.96977273,8000770.69681818,7204178.27488372
365,"NC","Flores PLC NC",2228,455,424,1053,285,13,1873,281,229,855,242,20848.9884615385,17330.0570475174,26601.2098576512,30262.6521834061,16993.8024210526,46731.9955785124,167,168,164,162,2638889.75,3330025.16,4041660.87,3345023.65,4462262.37976048,5703756.94595238,7274252.28878049,6160974.68179012
366,"VA","Christensen-Sandoval VA",2443,485,259,208,480,16,2105,226,172,154,236,13779.93875,16963.6230308789,25109.0219026549,29091.2,22453.4662337662,23899.5494491525,164,161,153,143,2534649.61,3307497.18,3624864.91,3268768.5,4529689.12737805,5390097.34944099,6021252.17986928,6043802.36587413
367,"AS","Mann, Fields and Sullivan AS",733,318,326,326,397,31,823,219,230,242,247,54000.6732258065,61326.3702430134,71095.1720547945,64445.3746956522,58292.8720661157,64843.5037651822,234,235,230,230,13188895.9,13559630.75,13787056.15,12880871.99,11137827.5671795,11461651.8031064,11851375.7483478,11273397.7363043
368,"PA","Kennedy LLC PA",339,20,NA,NA,NA,8,179,1,NA,NA,NA,12639.1125,30398.391396648,13608.2,NA,NA,NA,51,NA,NA,NA,1425338.01,NA,NA,NA,7062956.04901961,NA,NA,NA
369,"TN","Ramsey Group TN",658,357,731,316,249,10,392,152,533,154,160,32793.749,26097.6070153061,24737.8257236842,16762.0075046904,22841.344025974,23407.176875,89,89,88,87,2288830.55,1899364.3,1674313.34,1995544.06,8331817.60988764,6965027.19685393,6096140.87181818,7296084.07896552
370,"OH","Myers, Lewis and Gilbert OH",NA,NA,NA,NA,1471,NA,NA,NA,NA,15,1599,NA,NA,NA,NA,15052.3613333333,17977.9883802376,NA,NA,NA,NA,NA,NA,NA,NA,NA,NA,NA,NA
371,"FL","Oneill LLC FL",NA,NA,2964,1989,709,NA,NA,16,2789,1482,292,NA,NA,21375.50375,17544.0592864826,17097.6933940621,23633.1200342466,NA,1,157,161,NA,21690.69,2414062.75,2624301.02,NA,5301204.89,4625419.04229299,4734601.42198758
372,"OH","Mckenzie, Hunt and Rodriguez OH",305,127,58,69,373,4,183,84,71,50,299,96031.905,28864.7431147541,32941.4435714286,26111.853943662,23501.0502,16854.4471571906,43,43,41,38,1242114.68,1309953.52,1380855.46,900266.85,6798350.20162791,7021534.44325581,7656711.4004878,6479651.19947368
373,"IL","Collins and Sons IL",113,512,146,485,380,4,98,450,123,450,353,20045.47,30904.0454081633,17305.6324444444,31354.5757723577,17276.1506666667,16966.713286119,36,37,39,42,1120580.59,933153.57,1141166.18,819943.74,9694388.61861111,7074031.40918919,7220569.7225641,5179819.70261905
374,"WI","Moore-Griffin WI",440,173,212,185,121,13,309,112,110,103,100,13320.91,27128.8662135922,23233.9210714286,28933.74,32632.1902912621,25940.2399,52,52,49,47,1193318.63,1190638.46,1167056.52,1220308.72,7577563.47846154,7228580.83826923,7813880.67795918,8132382.47319149
375,"IN","Barnes LLC IN",NA,NA,160,127,96,NA,NA,7,160,62,59,NA,NA,68196.0742857143,33720.958875,33618.9098387097,20894.9593220339,NA,NA,47,47,NA,NA,1572170.09,1723013.4,NA,NA,7745020.09106383,8615768.82489362
376,"WA","English and Sons WA",833,187,114,172,84,7,793,138,90,56,57,17527.2114285714,16258.19296343,30920.056884058,37028.1381111111,24150.405,39783.4228070175,70,70,66,64,1100884.68,1554117.46,1846711.02,1802370.93,4714302.21528571,6313423.29371429,7581368.7230303,7430936.65484375
377,"NC","Richardson-Brown NC",NA,165,83,93,127,NA,2,189,82,62,86,NA,12847.505,32214.5637037037,35836.0437804878,47508.5122580645,19309.986744186,NA,56,58,61,NA,1517007.92,1500206.61,1922109.14,NA,7019048.15875,6694507.2512069,7844323.21540984
378,"KY","Turner-Morales KY",NA,NA,NA,NA,884,NA,NA,NA,NA,16,820,NA,NA,NA,NA,18015.76125,16779.097695122,NA,NA,NA,NA,NA,NA,NA,NA,NA,NA,NA,NA
379,"MP","Collins, Kelly and Smith MP",202,65,53,63,89,3,225,23,18,29,47,19068.4433333333,30854.4212,37862.8204347826,89610.1283333333,28050.49,42179.1787234043,50,51,53,58,1460334.72,1722694.81,2255639.37,2175435.54,7310570.5618,8169287.75058824,8853879.30207547,8106158.35086207
380,"PR","Taylor PLC PR",NA,NA,NA,100,294,NA,NA,NA,2,149,125,NA,NA,NA,9514.785,35740.307852349,23887.6508,NA,NA,NA,44,NA,NA,NA,1532942.46,NA,NA,NA,7966564.54431818
381,"OH","Wells-Anderson OH",NA,NA,2982,502,359,NA,NA,17,2575,289,190,NA,NA,20210.8323529412,17209.7522757282,34153.4966089965,30222.7364736842,NA,1,191,194,NA,6776.83,2717843.53,4249650.85,NA,1410913.47,4184090.52691099,5552331.74608247
382,"WA","Bright, Huynh and Murphy WA",545,156,290,132,271,8,249,81,220,95,117,14231.4175,31883.6918875502,32683.3008641975,20155.4319545455,29379.5968421053,25658.7674358974,70,71,72,75,2073633.83,2469195.54,2378964.78,2600443.28,7582103.792,8366750.07183099,8074600.1675,8708381.38853333
383,"DC","Gutierrez-Henderson DC",NA,NA,NA,NA,544,NA,NA,NA,NA,10,749,NA,NA,NA,NA,26591.973,28765.6154339119,NA,NA,NA,NA,NA,NA,NA,NA,NA,NA,NA,NA
384,"GU","Hampton LLC GU",NA,NA,1108,394,490,NA,NA,29,1146,184,270,NA,NA,43040.8003448276,32833.532399651,24991.8342391304,23973.0082962963,NA,NA,270,268,NA,NA,8508739.01,8006879.56,NA,NA,7834013.64151852,7476408.70182836
385,"CT","Snyder-Lewis CT",NA,183,111,470,441,NA,6,184,80,398,206,NA,29081.1066666667,42740.0705434783,34945.527375,16408.4852763819,32319.0134951456,NA,56,59,62,NA,2144077.53,1727142.16,1277970.75,NA,9121835.97785714,7828799.10779661,5862400.15016129
386,"TX","Reed LLC TX",362,68,70,273,222,15,367,45,54,259,181,10664.028,18084.3938419619,35258.1526666667,24819.4327777778,17952.9518146718,17061.0717127072,34,36,38,42,526231.1,607134.65,733879.85,662638.91,4191974.86382353,4751342.08972222,5258812.50868421,4710387.55333333
387,"CO","Robinson, Hickman and Le CO",NA,NA,NA,344,158,NA,NA,NA,12,223,87,NA,NA,NA,18511.7191666667,25949.3755156951,40149.3029885057,NA,NA,NA,76,NA,NA,NA,1636522.16,NA,NA,NA,6168584.90815789
388,"IN","Williams Ltd IN",1168,221,122,145,181,12,1017,120,89,141,143,18763.4225,17085.284346116,39316.0158333333,49327.7515730337,40654.1989361702,56461.7248251748,90,91,98,109,1088343.05,2049242.9,3092178.32,3195268.68,3681741.47455556,6006779.84505494,7453624.77112245,7092330.53266055
389,"MN","Myers Ltd MN",174,233,264,806,621,5,261,109,128,648,487,14274.95,37275.0427586207,19917.211559633,21587.7340625,18029.2935802469,16417.5233264887,69,69,70,72,2096170.67,1727579.57,1500643.36,1507715.45,7347653.2826087,7170719.45173913,6454120.457,5839947.2575
390,"ME","Reeves PLC ME",NA,NA,128,65,22,NA,NA,7,60,30,18,NA,NA,39683.9071428571,42006.8485,33108.4453333333,45665.5522222222,NA,NA,22,21,NA,NA,741905.51,648078.89,NA,NA,8395738.04045455,8489231.19238095
391,"AS","Rivera Ltd AS",NA,261,378,641,295,NA,11,274,145,539,149,NA,23348.2736363636,22977.3687226277,30792.8707586207,19158.0041558442,23759.5963758389,NA,97,95,89,NA,1788900.5,2110493.73,1575161.82,NA,6555275.24628866,7296742.2191579,5480465.76303371
392,"MN","Davis LLC MN",626,447,58,6,NA,14,371,206,1,NA,NA,29460.2942857143,30956.8616172507,28964.3731553398,18351.48,NA,NA,82,83,34,6,1941759.06,2260903.32,946600.25,230564.72,6729305.02597561,7440553.23204819,7244046.13647059,9670963.82
393,"MN","Ho-Nash MN",NA,NA,1368,476,372,NA,NA,10,1282,280,229,NA,NA,26506.718,17846.6332527301,26650.0220357143,31213.7331441048,NA,1,128,130,NA,6002.78,2267147.43,3126304.15,NA,1862171.9,4701729.08289063,6014813.78415385
394,"ND","Allen, Young and Smith ND",NA,NA,NA,NA,483,NA,NA,NA,NA,40,601,NA,NA,NA,NA,34413.30125,37319.8867054908,NA,NA,NA,NA,NA,NA,NA,NA,NA,NA,NA,NA
395,"CO","Kelly, Martinez and Harris CO",NA,NA,NA,NA,300,NA,NA,NA,NA,10,345,NA,NA,NA,NA,70859.651,40558.5752753623,NA,NA,NA,NA,NA,NA,NA,NA,NA,NA,NA,NA
396,"NA","Hernandez Group NA",222,454,338,408,169,19,525,375,243,386,197,37558.5842105263,50856.8126095238,25497.62544,28850.720781893,28798.0492746114,32427.1356345178,162,161,143,125,7979353.65,5863998.13,4460019.47,3667960.26,9615933.79450617,8514010.09465839,7462882.70293706,7340313.92832
397,"AZ","Ramos Inc AZ",291,231,99,101,138,8,181,171,79,90,77,20507.0775,21185.7832596685,18697.2501754386,18169.6511392405,21567.4698888889,29663.1257142857,34,34,34,35,677364.33,664505.25,550479.78,617729.65,5575663.40617647,5652768.295,4454765.51911765,5852815.084
398,"RI","Jackson-Ingram RI",191,168,103,128,263,3,175,136,90,76,108,18264.89,30070.1560571429,29514.4567647059,24009.9175555556,23675.9568421053,27167.5750925926,42,41,39,37,1203099.08,1058410.23,848056.51,738764.05,7631263.04547619,6559806.40121951,5757442.83538462,5520589.69837838
399,"NY","Torres Ltd NY",887,537,470,471,605,54,1234,300,439,425,479,35740.3762962963,28246.5804619125,30288.6451666667,38530.9466287016,56909.3030352941,51680.013736952,352,352,379,412,8891100.35,9027818.43,10935805.35,15319371.72,6445236.31411932,6553493.79795455,7291956.01654354,8410168.40468447
400,"AS","Ross-Garcia AS",296,774,230,388,291,11,275,336,260,253,240,27031.0963636364,25221.9652,24635.2482738095,26822.9443076923,22008.0263241107,24442.367375,93,92,89,88,2253186.63,2343048.72,1846042.4,1806973.2,7343635.63688172,8291536.12163043,6276622.2641573,7001254.87806818
401,"IN","Hernandez and Sons IN",299,190,80,70,71,3,147,72,76,74,89,14366.8333333333,26105.4320408163,22631.8083333333,32226.3696052632,61742.737972973,54429.1668539326,49,49,50,53,1167879.81,908287.03,1251019.38,1830829.29,6418292.24,5308502.64673469,6863800.3368,8489478.33962264
402,"LA","Long-Lutz LA",210,183,155,45,14,2,214,73,83,NA,NA,106587.35,30133.651728972,25417.4910958904,32517.2484337349,NA,NA,68,68,70,36,1844823.79,1871754.52,1915815.35,813200.73,7167420.84044118,6993125.22176471,6931843.40914286,5706715.5425
403,"MI","Brown and Sons MI",148,76,82,84,107,10,128,55,53,44,63,19196.966,24695.813046875,25224.9178181818,28230.7433962264,24480.6229545455,19728.2366666667,44,44,43,42,1076201.83,1091819.53,1200211.92,1084072.45,6494610.05863636,6777565.36,7551104.61255814,6226153.38714286
404,"MO","Johnson PLC MO",1187,1050,1087,1082,659,46,1734,726,549,647,591,26884.3430434783,27970.4643886967,25366.4122176309,28942.2669581056,28529.666877898,43221.1765989848,398,398,391,399,10154002.91,10046363.18,9991807.57,10078131.66,6663823.6871608,6560343.9340201,6669544.94386189,6680905.31463659
405,"IA","Stephenson-Alvarez IA",497,89,59,44,68,5,587,54,37,14,23,12622.78,17979.4936115843,25103.5987037037,21659.2210810811,19206.9978571429,32460.3952173913,39,38,36,35,746190.35,636592.86,546416.42,555169,5361031.63948718,4915758.93421053,4233207.63666667,4679916.93314286
406,"SC","Taylor, Mills and Gordon SC",134,68,59,125,49,4,60,40,42,108,38,11100.875,28800.201,22773.072,34149.1230952381,15101.7519444444,22197.14,26,27,23,23,734826.01,669786.02,636018.96,583263.54,8321882.61269231,6340436.89444444,6581640.07521739,6544607.70826087
407,"IL","Boone, Beck and Martinez IL",439,133,111,117,106,19,431,71,66,77,87,29152.6952631579,34549.1129234339,28501.3857746479,48450.3639393939,78600.264025974,72063.1174712644,70,67,66,65,2270706.96,1974644.88,2557767.73,3657179.88,8275208.78685714,7724679.10119403,8708233.25166667,11016649.3298462
408,"DE","Grant LLC DE",89,54,96,61,66,5,116,42,78,37,48,19491.05,38799.9217241379,29249.2914285714,27484.4819230769,14240.6572972973,34879.4604166667,42,43,38,36,1380018.2,1378268.01,1189362.27,908848.31,8983448.09928571,9000461.22837209,8809714.60184211,7517520.86722222
409,"SC","Dillon, Lopez and Ayers SC",NA,NA,NA,NA,213,NA,NA,NA,NA,4,180,NA,NA,NA,NA,14310.2725,26501.8212777778,NA,NA,NA,NA,NA,NA,NA,NA,NA,NA,NA,NA
410,"MD","Martin-Ortega MD",NA,NA,612,226,215,NA,NA,6,281,135,195,NA,NA,8799.30666666667,34867.3144128114,22386.6857037037,27070.5665128205,NA,NA,62,62,NA,NA,1977059.15,1657281.99,NA,NA,8189159.11129032,7868738.65209677
411,"AK","Sampson, Austin and Baker AK",NA,NA,NA,NA,320,NA,NA,NA,NA,17,247,NA,NA,NA,NA,46079.3017647059,28755.666437247,NA,NA,NA,NA,NA,NA,NA,NA,NA,NA,NA,NA
412,"IN","Wu PLC IN",NA,NA,NA,NA,733,NA,NA,NA,NA,11,783,NA,NA,NA,NA,16430.7681818182,17382.5366283525,NA,NA,NA,NA,NA,NA,NA,NA,NA,NA,NA,NA
413,"MD","Reynolds, Velazquez and Chase MD",NA,NA,586,132,96,NA,NA,9,293,85,72,NA,NA,26284.7833333333,33146.2651194539,33934.2889411765,34953.6073611111,NA,NA,62,60,NA,NA,2106038.97,2067018.19,NA,NA,8450101.57516129,8332920.215
414,"AL","Francis Group AL",NA,1629,1251,924,969,NA,65,1948,893,750,867,NA,31409.7970769231,29521.4869301848,27259.1751399776,28043.9398,29598.7630565167,NA,420,424,412,NA,11617330.33,10590026.29,11485740.05,NA,7166513.84759524,7126427.47542453,7237438.53674757
415,"HI","Flowers-Cooper HI",NA,190,104,66,62,NA,6,155,70,64,61,NA,50179.2883333333,27664.4053548387,43418.6835714286,55204.57828125,42515.7814754098,NA,54,54,53,NA,1395917.83,1884910.77,2226818.43,NA,6660487.16759259,8466896.09907407,9347995.12566038
416,"DE","Barnett-Johnson DE",240,195,116,29,6,8,221,91,44,NA,NA,8783.56125,25634.2545701357,25911.7837362637,24268.2806818182,NA,NA,63,63,60,24,1410328.35,1450449.1,1393624.57,605257.43,6021633.02412698,6318779.08079365,6225975.25183333,6029633.88125
417,"HI","Choi-Simpson HI",3791,3019,1105,817,1261,21,3563,2327,655,405,608,17463.1480952381,16990.891849565,17200.2816501934,22192.3949312977,25812.9019753086,25351.4172203947,202,205,204,202,3273413.73,3390247.5,3319065.59,4147214.38,4531655.43138614,4651513.53195122,5380282.13166667,6327535.04371287
418,"VI","Smith and Sons VI",NA,NA,NA,NA,324,NA,NA,NA,NA,6,163,NA,NA,NA,NA,66923.8583333333,26273.0955214724,NA,NA,NA,NA,NA,NA,NA,NA,NA,NA,NA,NA
419,"VA","Wright and Sons VA",268,182,96,210,74,12,180,79,89,118,93,31882.7616666667,25679.8065,26191.5607594937,34981.9333707865,28132.3613559322,33938.5662365591,55,54,50,48,1499622.78,1381714.15,1514683.12,1583143.31,8377486.47945455,7522283.97444444,8167023.285,7816435.713125
420,"CA","Nguyen, Johnson and Williamson CA",NA,NA,NA,NA,150,NA,NA,NA,NA,5,130,NA,NA,NA,NA,31325.328,24673.0399230769,NA,NA,NA,NA,NA,NA,NA,NA,NA,NA,NA,NA
421,"NC","Lyons, Mcdowell and Dunlap NC",1556,473,186,381,255,11,1703,247,181,166,175,12478.7818181818,16239.2795126248,22254.9396761134,32859.5108287293,19573.9004216867,26244.3844571429,109,106,100,94,1563736.74,1945184.99,2039321.6,2044354.93,4010455.50137615,5625110.45113208,5949728.5699,6797686.5656383
422,"AS","Mccann Inc AS",246,278,87,100,327,1,211,258,90,104,120,35784.11,24931.0390521327,18551.5068604651,43218.2585555556,29927.5378846154,28519.2203333333,49,49,51,58,1347135.21,1116351.91,1777596.82,1587489.38,6680720.53571429,5801314.63673469,7628527.85705882,6896109.67258621
423,"CA","Jackson, Wise and Casey CA",NA,260,236,347,136,NA,2,162,215,282,92,NA,10961.17,20212.1043827161,15454.7545581395,18178.3538297872,23531.2798913043,NA,37,37,37,NA,699990.5,576085.96,532967.92,NA,5413642.54243243,4624085.5572973,4208829.06081081
424,"AS","Walters, Solis and Miller AS",337,93,153,94,120,2,154,75,70,63,67,8538.05,30027.8975974026,25008.0601333333,24966.7937142857,26313.2241269841,29286.1210447761,32,32,31,31,1066709.22,882514.86,923400.51,882728.3,7190031.1771875,7239955.1203125,7121605.46096774,7167219.84354839
425,"ME","Chaney-Fields ME",246,121,194,163,140,13,223,60,123,100,102,18026.4623076923,24727.8865022422,47699.1495,34425.8365853659,39564.0888,41430.4660784314,82,83,84,92,1634079.06,2052672.55,1801481.54,2462099.46,5518367.02195122,6313570.0273494,6145774.60654762,7061703.14847826
426,"MD","Green Ltd MD",NA,NA,NA,1114,278,NA,NA,NA,9,1086,139,NA,NA,NA,14583.8188888889,17493.6419429098,23839.1485611511,NA,NA,NA,61,NA,NA,NA,985999.19,NA,NA,NA,4803123.37180328
427,"GA","Morgan LLC GA",453,101,83,86,125,2,379,71,85,98,136,4805.675,33849.365171504,44997.1804225352,29111.422,28498.2007142857,39603.88625,56,57,63,70,1562698.08,1691456.85,1753013.51,2161830.76,7358256.01660714,7213024.00719298,6971915.91222222,7400792.56671429
428,"VT","Hughes, King and Jordan VT",1661,983,921,830,1226,56,1914,618,554,481,807,42702.0325,28621.3713949843,29917.9722653722,30531.8794765343,23711.813950104,26348.7772490706,447,452,466,475,12553692.87,12966805.86,13673375.47,12288223.4,7205553.47762864,7312779.24176991,7325214.89427039,7250603.94134737
429,"AK","Sandoval, Bell and Dunn AK",2375,537,628,444,444,18,2169,367,552,540,320,19065.2094444444,16952.3005993545,42484.7160762943,30833.2905434783,31534.6325925926,31539.241875,213,229,237,225,3281520.51,6182438.53,6881700.49,6379995.19,4474916.37455399,6797389.96772926,7532791.80400844,7453911.42688889
430,"ME","Lawrence-Baker ME",379,179,36,7,NA,2,384,99,2,NA,NA,42563.735,29687.2991927083,42827.9401010101,16836.165,NA,NA,72,71,32,7,2149734.34,2593603.81,1117253.51,296091.74,7739532.62777778,8734925.27901408,8733996.7996875,9957646.32
431,"NC","Matthews-Pace NC",NA,2214,1091,1801,387,NA,5,1924,419,1501,352,NA,14068.68,17064.5808056133,21992.2815990453,16834.7163424384,26435.0501136364,NA,143,141,141,NA,2193294.66,2694588.03,2030261.58,NA,4356697.9465035,6110916.05198582,4236786.17326241
432,"IL","Powers PLC IL",725,111,55,75,69,1,282,34,25,39,29,46545.26,30747.159929078,56135.8052941176,18448.532,43360.8671794872,26318.4686206897,42,43,44,47,1159318.75,1467966.76,1476090.58,1802344.43,7520900.98071429,8624798.93418605,8536036.55568182,9280588.7893617
433,"OK","Anderson, Wilkins and Hicks OK",411,183,230,160,181,13,285,129,164,172,125,15632.3784615385,25296.01,26730.4034883721,23982.6955487805,30537.7084883721,27091.42792,96,97,93,87,2104533.39,2407713.82,1946922.43,2039153.25,6357084.0634375,7339474.78257732,6205568.12784946,6851202.20701149
434,"WA","Patterson and Sons WA",NA,NA,NA,122,100,NA,NA,NA,7,164,70,NA,NA,NA,37280.1942857143,47652.4348780488,36222.3772857143,NA,NA,NA,51,NA,NA,NA,2045524.62,NA,NA,NA,9760353.73156863
435,"WA","Campos Ltd WA",3038,881,738,1071,773,54,2876,641,519,781,355,29745.8066666667,29448.167767733,34143.4601716069,33909.8182466281,23955.9438412292,29435.0351267606,482,482,446,433,13656673.58,14503931.8,14059923.62,11484984.65,7186721.94871369,7546779.51058091,8102512.69726457,7643848.38212471
436,"AL","Henderson and Sons AL",NA,433,87,67,65,NA,3,391,47,59,46,NA,13486.2666666667,17045.9356521739,32079.2117021277,23106.7183050847,21887.2513043478,NA,36,37,36,NA,444869.7,737143.87,629217.91,NA,3779313.07527778,5429424.52054054,5173829.48916667
437,"FL","Pruitt, Spencer and Williams FL",NA,NA,NA,NA,94,NA,NA,NA,NA,8,98,NA,NA,NA,NA,15254.74625,43401.3248979592,NA,NA,NA,NA,NA,NA,NA,NA,NA,NA,NA,NA
438,"PR","Herman-Skinner PR",NA,NA,NA,NA,513,NA,NA,NA,NA,1,336,NA,NA,NA,NA,12838.13,25759.1997619048,NA,NA,NA,NA,NA,NA,NA,NA,NA,NA,NA,NA
439,"VI","Robertson, Williamson and Lowe VI",1240,1154,628,655,561,24,1221,503,408,419,364,26749.1725,29194.4419328419,33793.8,30560.1466666667,31661.2075656325,29431.0909615385,242,239,245,248,6447130.21,7049154.14,7085977.97,7288672.1,6889283.11855372,7214702.22221757,7482847.84755102,7620837.94741935
440,"NM","Torres-Anderson NM",186,392,132,195,104,8,163,140,115,152,111,19262.2525,30902.7927607362,27233.5162142857,25588.4788695652,28134.8936842105,28366.2376576577,36,36,35,32,1026449.54,856820.48,844243.89,786260.23,8914199.00833333,7590998.78861111,7002868.004,7166537.4178125
441,"AR","Baker Inc AR",313,148,135,146,103,14,260,120,92,126,108,80693.8421428571,31496.8771153846,32985.6560833333,61472.3205434783,47487.4920634921,61274.7359259259,72,73,71,72,2244380.11,2168645.32,2914135.48,3479988.32,8503951.14319444,7986949.27315069,9405407.76323944,9731519.09402778
